boot0	13.978396902	0	BOOT	boot=12.79	mod=?	avail=6
RowStress2	13.436666049	0	LOADED	boot=12.27	mod=0.02	avail=7
RowStress3	13.183780291	0	LOADED	boot=12.27	mod=0.03	avail=5
RowStress4	13.973381951	0	LOADED	boot=12.70	mod=0.04	avail=5
RowStress5	12.914337814	0	LOADED	boot=12.01	mod=0.05	avail=13
RowStress6	12.749365296	0	LOADED	boot=11.81	mod=0.07	avail=13
RowStress7	12.903918508	0	LOADED	boot=11.89	mod=0.13	avail=13
RowStress8	13.023039107	0	LOADED	boot=12.03	mod=0.15	avail=13
RowStress9	12.196147305	0	LOADED	boot=11.21	mod=0.18	avail=13
RowStress10	12.426693664	0	LOADED	boot=11.35	mod=0.22	avail=13
RowStress11	12.995432096	0	LOADED	boot=11.89	mod=0.27	avail=13
RowStress12	12.893167606	0	LOADED	boot=11.71	mod=0.36	avail=12
RowStress13	13.553323435	0	LOADED	boot=12.23	mod=0.45	avail=10
RowStress14	12.888934393	0	LOADED	boot=11.47	mod=0.55	avail=8
CoStar3	12.700633235	0	LOADED	boot=11.83	mod=0.05	avail=6
CoStar4	13.196726153	0	LOADED	boot=12.04	mod=0.04	avail=4
CoStar5	12.528870037	0	LOADED	boot=11.67	mod=0.04	avail=4
CoStar6	12.324298329	0	LOADED	boot=11.46	mod=0.05	avail=4
CoStar7	12.410233641	0	LOADED	boot=11.51	mod=0.07	avail=4
CoStar8	12.619323244	0	LOADED	boot=11.72	mod=0.06	avail=13
CoStar9	12.537991670	0	LOADED	boot=11.64	mod=0.07	avail=12
PartStar4	12.573706093	0	LOADED	boot=11.69	mod=0.05	avail=11
PartStar5	12.491592557	0	LOADED	boot=11.64	mod=0.04	avail=9
PartStar6	13.556681946	0	LOADED	boot=12.61	mod=0.05	avail=11
Overlap1	12.855303938	0	LOADED	boot=11.98	mod=0.05	avail=11
Overlap2	12.585708109	0	LOADED	boot=11.71	mod=0.05	avail=10
OverlapHalf	12.456137499	0	LOADED	boot=11.54	mod=0.08	avail=13
Chain4	12.025800474	0	LOADED	boot=11.11	mod=0.04	avail=13
Chain8	11.843714633	0	LOADED	boot=10.98	mod=0.06	avail=13
ResStar2	11.985661995	0	LOADED	boot=11.13	mod=0.05	avail=13
ResStar3	12.185880578	0	LOADED	boot=11.33	mod=0.04	avail=13
ResStar4	12.121888919	0	LOADED	boot=11.22	mod=0.07	avail=13
ResStar5	12.575949489	0	LOADED	boot=11.55	mod=0.22	avail=13
ResStar6	12.732659142	0	LOADED	boot=11.26	mod=0.63	avail=13
ResStar7	14.374148702	0	LOADED	boot=10.98	mod=2.55	avail=13
ResStar8	27.367945522	0	LOADED	boot=11.10	mod=15.46	avail=13
ResStar9	103.577291862	0	LOADED	boot=11.11	mod=91.67	avail=13
Gadget	12.095274993	0	REJECTED	boot=11.24	mod=?	avail=13
gu02	12.081029835	0	LOADED	boot=11.10	mod=0.16	avail=13
gu03	12.381394531	0	LOADED	boot=11.39	mod=0.18	avail=13
gu07	12.286446002	0	LOADED	boot=11.15	mod=0.33	avail=13
gu09	12.240732452	0	LOADED	boot=11.20	mod=0.23	avail=13
np05a	11.791979357	0	LOADED	boot=10.91	mod=0.08	avail=13
np05c	12.376805118	0	LOADED	boot=11.29	mod=0.26	avail=13
gu01	12.062222420	0	LOADED	boot=11.10	mod=0.15	avail=13
gu05	18.961537986	0	LOADED	boot=11.07	mod=7.06	avail=13
ResStar10	120.061924382	124	TIMEOUT	boot=12.21	mod=?	avail=10
gu05-rep2	21.205778150	0	LOADED	boot=12.64	mod=7.68	avail=10
ResStar8-rep2	31.342969472	0	LOADED	boot=12.78	mod=17.69	avail=9
