gate	started	seconds	exit	load_start	load_end	sha	worktree
compile-clean	2026-09-17T09:44:56-06:00	46.7	0	1.85	3.84	a7b7db6f	/home/dmitry/research/ermine/ermine-scala-wt-gate-audit
test-compile-clean	2026-09-17T09:45:42-06:00	27.6	0	3.84	4.28	a7b7db6f	/home/dmitry/research/ermine/ermine-scala-wt-gate-audit
compile-noop	2026-09-17T09:46:10-06:00	4.6	0	4.28	4.34	a7b7db6f	/home/dmitry/research/ermine/ermine-scala-wt-gate-audit
verbosity-probe	2026-09-17T09:46:34-06:00	6.5	0	3.44	3.49	a7b7db6f	/home/dmitry/research/ermine/ermine-scala-wt-gate-audit
core-test-full	2026-09-17T09:46:40-06:00	675.6	1	3.49	2.93	a7b7db6f	/home/dmitry/research/ermine/ermine-scala-wt-gate-audit
looptrace-testonly	2026-09-17T09:57:56-06:00	14.9	0	2.93	2.77	a7b7db6f	/home/dmitry/research/ermine/ermine-scala-wt-gate-audit
looptrace-testonly-nobin	2026-09-17T09:58:11-06:00	5.1	0	2.77	3.43	a7b7db6f	/home/dmitry/research/ermine/ermine-scala-wt-gate-audit
corpus-batch	2026-09-17T10:00:02-06:00	41.9	0	1.35	2.25	a7b7db6f	/home/dmitry/research/ermine/ermine-scala-wt-gate-audit
repl-smoke	2026-09-17T10:00:44-06:00	119.7	0	2.25	4.42	a7b7db6f	/home/dmitry/research/ermine/ermine-scala-wt-gate-audit
lsp-smoke	2026-09-17T10:02:44-06:00	43.9	0	4.42	2.93	a7b7db6f	/home/dmitry/research/ermine/ermine-scala-wt-gate-audit
g1-validate	2026-09-17T10:03:28-06:00	135.2	0	2.93	3.54	a7b7db6f	/home/dmitry/research/ermine/ermine-scala-wt-gate-audit
ei-diff-batch	2026-09-17T10:05:43-06:00	891.5	0	3.54	5.35	a7b7db6f	/home/dmitry/research/ermine/ermine-scala-wt-gate-audit
lean-build-noop	2026-09-17T10:20:34-06:00	233.2	0	5.35	3.35	d21f304f	/home/dmitry/research/ermine/ermine-scala-wt-json-wrappers
lean-audit	2026-09-17T10:24:28-06:00	2.3	0	3.35	3.16	d21f304f	/home/dmitry/research/ermine/ermine-scala-wt-json-wrappers
looptrace-corpus	2026-09-17T10:24:30-06:00	1198.7	0	3.16	2.58	a7b7db6f	/home/dmitry/research/ermine/ermine-scala-wt-gate-audit
trace-ab-all	2026-09-17T10:44:29-06:00	26.7	0	2.58	2.62	a7b7db6f	/home/dmitry/research/ermine/ermine-scala-wt-gate-audit
perf-bench-batch-n3	2026-09-17T10:45:45-06:00	0.1	2	1.31	1.31	a7b7db6f	/home/dmitry/research/ermine/ermine-scala-wt-gate-audit
per-suite	2026-09-17T10:45:45-06:00	381.3	1	1.31	4.02	a7b7db6f	/home/dmitry/research/ermine/ermine-scala-wt-gate-audit
per-suite-rest	2026-09-17T10:52:55-06:00	954.8	1	2.04	6.29	a7b7db6f	/home/dmitry/research/ermine/ermine-scala-wt-gate-audit
per-suite-markdown	2026-09-17T11:09:02-06:00	5.1	0	5.33	6.18	a7b7db6f	/home/dmitry/research/ermine/ermine-scala-wt-gate-audit
