suite	seconds	targeted	status_today
TestTolerantCheck	332	135	success
TestReplDifferential	197	40	success
TestDateAndScan	196	24	success
TestTolerantRead	85	68	success
TestInterfaceConcreteRow	83	14	success
TestSurfaceCache	56	16	success
TestRecordPrims	37	2	success
TestScopes	28	9	success
TestRenamer	27	69	success
TestSchema	26	6	success
TestSurfaceParsers	23	37	success
TestDecode	21	0	success
TestWidgets	21	0	success
TestErmineModules	19	0	success
TestJson	18	9	error
TestStage1Pins	17	21	success
TestStatementExtents	16	15	success
TestRowRefusals	15	13	success
TestRunner	15	5	success
TestLetSignatures	13	15	success
TestNamedFields	12	12	success
TestLoopTrace	10	154	success
TestLower	9	45	success
TestPersistence	7	0	success
TestDoc	6	0	success
TestErmine	6	3	success
TestSigEntail	5	26	success
TestGraph	5	0	success
TestErmineLegends	3	0	success
TestFlatteners	2	0	success
TestConstraints	2	8	success
TestEditorBuffers	2	46	success
TestInterfaceRoundTrip	2	8	success
TestLenses	2	0	success
TestNewPipeline	2	19	success
TestStreamTUtils	2	4	success
TestLegend	2	3	error
TestMarkdown	2	1	success
TestSqlEmitters	1	0	success
TestInterfaceKey	1	11	success
TestRTag	1	0	success
TestSigEntailDiff	1	17	success
TestInMemoryScan	0	0	success
TestOptimizer	0	0	success
TestProcessSymbols	0	0	success
TestQuickFix	0	15	success
TestReassoc	0	2	success
TestSurface	0	3	success
